,clip_name
0,Q3_egYSmNuIFGk_1.m
1,Q2_ItGNJM6skM4_1.m
2,Q4_12tDlCQVRtA_2.m
3,Q4_ldCQ6N9G6Mk_5.m
4,Q3_IH2KrGjKXw0_0.m
5,Q1_Y5JcZQ0xg4Y_3.m
6,Q1_iFgSjUqI7iM_1.m
7,Q4_v3Nl5rUxLqE_1.m
8,Q4_hoPp_GLXQis_1.m
9,Q1_SQDuF0qxGQw_1.m
10,Q1_6wFJhmhNeeg_0.m
11,Q2_rEz0D3VohFA_1.m
12,Q4_qRceKZtwRWA_0.m
13,Q1_vv6nrZ2myXw_4.m
14,Q2_AacIP9mDLw8_2.m
15,Q2_ANZf1QXsNrY_6.m
16,Q2_snfsc7pEzlk_0.m
17,Q1_PdwxeMPXOCk_1.m
18,Q2_Uu-oRTRT6uQ_2.m
19,Q3_uj3Gif77SYM_2.m
20,Q3_By3JCii1k3w_1.m
21,Q4_I2MrA-o5H8I_2.m
22,Q3_X1p8xcarVu0_0.m
23,Q4_vpTguZtJAFA_0.m
24,Q1_Cg2u_Ldjv8g_1.m
25,Q2_L3_TadjSQQ0_1.m
26,Q4_iXiSFSGws-c_2.m
27,Q4_Tc684nD8CEA_4.m
28,Q2_L3_TadjSQQ0_0.m
29,Q4_UpHutdJvZMI_2.m
30,Q2_9v2WSpn4FCw_1.m
31,Q1_Cg2u_Ldjv8g_0.m
32,Q4_vpTguZtJAFA_1.m
33,Q2_k-FNDbK6Qhg_0.m
34,Q3_X1p8xcarVu0_1.m
35,Q3_By3JCii1k3w_0.m
36,Q2_snfsc7pEzlk_1.m
37,Q4_d_49EtXDMFE_2.m
38,Q3_uj3Gif77SYM_3.m
39,Q1_PdwxeMPXOCk_0.m
40,Q2_ANZf1QXsNrY_7.m
41,Q3_0wRQRwnQiqY_0.m
42,Q2_61EA0xRX8gE_3.m
43,Q4_heBmBQDWj-M_2.m
44,Q1_SQDuF0qxGQw_0.m
45,Q4_hoPp_GLXQis_0.m
46,Q4_v3Nl5rUxLqE_0.m
47,Q1_iFgSjUqI7iM_0.m
48,Q3_IH2KrGjKXw0_1.m
49,Q1_Y5JcZQ0xg4Y_2.m
50,Q3_FUAK5TBaNY8_0.m
51,Q1_JYVXM0qNQAg_2.m
52,Q2_ItGNJM6skM4_2.m
53,Q4_12tDlCQVRtA_1.m
54,Q3_egYSmNuIFGk_2.m
55,Q1_Y5JcZQ0xg4Y_0.m
56,Q1_JYVXM0qNQAg_0.m
57,Q3_FUAK5TBaNY8_2.m
58,Q1_SQDuF0qxGQw_2.m
59,Q4_uUtnyA6tLnI_0.m
60,Q2_rEz0D3VohFA_2.m
61,Q4_heBmBQDWj-M_0.m
62,Q2_61EA0xRX8gE_1.m
63,Q1_e8NQ2NH0nc8_1.m
64,Q3_PLfFWFZflQU_1.m
65,Q1_PdwxeMPXOCk_2.m
66,Q3_uj3Gif77SYM_1.m
67,Q2_Uu-oRTRT6uQ_1.m
68,Q4_d_49EtXDMFE_0.m
69,Q3_NTI9ode6bRk_0.m
70,Q3_By3JCii1k3w_2.m
71,Q3_xIsvaT20pZ0_0.m
72,Q4_I2MrA-o5H8I_1.m
73,Q3_X1p8xcarVu0_3.m
74,Q2_k-FNDbK6Qhg_2.m
75,Q4_XPLYvpyfKUM_1.m
76,Q4_UpHutdJvZMI_0.m
77,Q2_9v2WSpn4FCw_3.m
78,Q4_iXiSFSGws-c_1.m
79,Q4_iXiSFSGws-c_0.m
80,Q2_9v2WSpn4FCw_2.m
81,Q4_XPLYvpyfKUM_0.m
82,Q4_UpHutdJvZMI_1.m
83,Q3_X1p8xcarVu0_2.m
84,Q4_I2MrA-o5H8I_0.m
85,Q4_bfopzItCYrE_2.m
86,Q4_vpTguZtJAFA_2.m
87,Q3_epMOLn5Axw0_0.m
88,Q3_xIsvaT20pZ0_1.m
89,Q2_WBxql6cuU7c_0.m
90,Q3_NTI9ode6bRk_1.m
91,Q3_uj3Gif77SYM_0.m
92,Q2_Uu-oRTRT6uQ_0.m
93,Q2_snfsc7pEzlk_2.m
94,Q4_d_49EtXDMFE_1.m
95,Q1_e8NQ2NH0nc8_0.m
96,Q2_AacIP9mDLw8_0.m
97,Q3_PLfFWFZflQU_0.m
98,Q4_YhXRyOl5pi0_0.m
99,Q2_61EA0xRX8gE_0.m
100,Q4_heBmBQDWj-M_1.m
101,Q4_8TYY0qG-KOw_0.m
102,Q3_FUAK5TBaNY8_3.m
103,Q1_Y5JcZQ0xg4Y_1.m
104,Q3_IH2KrGjKXw0_2.m
105,Q4_12tDlCQVRtA_0.m
106,Q2_FUAK5TBaNY8_1.m
107,Q1_J6X3rVU1H-c_1.m
108,Q4_HYVmgq5Y93g_0.m
109,Q2_61EA0xRX8gE_4.m
110,Q3_kDGmND1BgmA_1.m
111,Q3_TonQX8XbvX8_3.m
112,Q4_GAvPwG2wYZM_1.m
113,Q4_aQ4PIaRMLwE_1.m
114,Q3_p2qihp_PnLY_0.m
115,Q3_zMa78n8ULtE_0.m
116,Q4_Tjno89OVuRI_1.m
117,Q2_ufRISSD28XA_1.m
118,Q4_MT2_mXn-vGU_0.m
119,Q1_vv6nrZ2myXw_2.m
120,Q2_cm6E860vDjY_2.m
121,Q3_QJlnTN7HRwE_1.m
122,Q3_uj3Gif77SYM_4.m
123,Q1_bIx4DwkZxFY_1.m
124,Q2_ivCNV47tsRw_2.m
125,Q4_OoxI6k0Qsno_0.m
126,Q4_u_7b9CwyM8Q_0.m
127,Q4_kMHiU0fhWVw_0.m
128,Q2_UAm0aWvzFI8_1.m
129,Q4_k6aLLVX1D7Y_1.m
130,Q3_bbU31JLtlug_0.m
131,Q4_--2B4d4lQhs_3.m
132,Q1_FfwKrQyQ7WU_0.m
133,Q4_Tc684nD8CEA_3.m
134,Q2_9v2WSpn4FCw_6.m
135,Q2_9v2WSpn4FCw_7.m
136,Q4_Tc684nD8CEA_2.m
137,Q1_FfwKrQyQ7WU_1.m
138,Q4_k6aLLVX1D7Y_0.m
139,Q3_bbU31JLtlug_1.m
140,Q2_UAm0aWvzFI8_0.m
141,Q4_kMHiU0fhWVw_1.m
142,Q4_u_7b9CwyM8Q_1.m
143,Q4_OoxI6k0Qsno_1.m
144,Q3_K84TcgjCRt4_2.m
145,Q2_ivCNV47tsRw_3.m
146,Q4_JP3QKZlyQz4_2.m
147,Q2_DhnX54kOW8U_0.m
148,Q1_bIx4DwkZxFY_0.m
149,Q3_QJlnTN7HRwE_0.m
150,Q3_uj3Gif77SYM_5.m
151,Q1_vv6nrZ2myXw_3.m
152,Q4_Tjno89OVuRI_0.m
153,Q4_MT2_mXn-vGU_1.m
154,Q2_ufRISSD28XA_0.m
155,Q3_zMa78n8ULtE_1.m
156,Q3_p2qihp_PnLY_1.m
157,Q4_GAvPwG2wYZM_0.m
158,Q4_aQ4PIaRMLwE_0.m
159,Q3_TonQX8XbvX8_2.m
160,Q3_kDGmND1BgmA_0.m
161,Q2_61EA0xRX8gE_5.m
162,Q1_nOIBJHkqrE8_0.m
163,Q4_T92R7xjce34_0.m
164,Q3_rEz0D3VohFA_0.m
165,Q3_ItGNJM6skM4_0.m
166,Q2_UTo7E0evQWw_0.m
167,Q4_HYVmgq5Y93g_1.m
168,Q4_ldCQ6N9G6Mk_0.m
169,Q4_6oLmO9ZSJt0_1.m
170,Q1_J6X3rVU1H-c_2.m
171,Q3_TonQX8XbvX8_0.m
172,Q2_EtAbPc20mn8_0.m
173,Q4_aQ4PIaRMLwE_2.m
174,Q2_ZdyiXIlKe_Y_0.m
175,Q3_AacIP9mDLw8_1.m
176,Q1_T92R7xjce34_1.m
177,Q1_vv6nrZ2myXw_1.m
178,Q1_gwmVjvR-sVs_0.m
179,Q1_bIx4DwkZxFY_2.m
180,Q3_uj3Gif77SYM_7.m
181,Q2_cm6E860vDjY_1.m
182,Q3_QJlnTN7HRwE_2.m
183,Q4_JP3QKZlyQz4_0.m
184,Q3_K84TcgjCRt4_0.m
185,Q2_ivCNV47tsRw_1.m
186,Q1_K6OFDxBU370_1.m
187,Q4_kMHiU0fhWVw_3.m
188,Q1_FfwKrQyQ7WU_3.m
189,Q4_k6aLLVX1D7Y_2.m
190,Q2_9v2WSpn4FCw_5.m
191,Q4_Tc684nD8CEA_0.m
192,Q4_Tc684nD8CEA_1.m
193,Q2_9v2WSpn4FCw_4.m
194,Q1_FfwKrQyQ7WU_2.m
195,Q4_kMHiU0fhWVw_2.m
196,Q4_gwmVjvR-sVs_2.m
197,Q1_wnB2cjd6zbE_0.m
198,Q1_K6OFDxBU370_0.m
199,Q2_ivCNV47tsRw_0.m
200,Q3_K84TcgjCRt4_1.m
201,Q4_JP3QKZlyQz4_1.m
202,Q3_uj3Gif77SYM_6.m
203,Q3_QJlnTN7HRwE_3.m
204,Q2_cm6E860vDjY_0.m
205,Q1_gwmVjvR-sVs_1.m
206,Q4_MT2_mXn-vGU_2.m
207,Q1_vv6nrZ2myXw_0.m
208,Q1_ZgT7yq2jsBk_0.m
209,Q2_ZdyiXIlKe_Y_1.m
210,Q1_ldCQ6N9G6Mk_2.m
211,Q4_J6X3rVU1H-c_0.m
212,Q3_TonQX8XbvX8_1.m
213,Q4_QBJ6YYYpIyk_0.m
214,Q4_6oLmO9ZSJt0_0.m
215,Q4_HYVmgq5Y93g_2.m
216,Q4_ldCQ6N9G6Mk_1.m
217,Q1_2Z9SjI131jA_14.
218,Q1_TNoaOTrTkTQ_2.m
219,Q2_ijfxkQPAQdE_1.m
220,Q2_nOIBJHkqrE8_1.m
221,Q1_uqRLEByE6pU_1.m
222,Q2_eGQUZ9FlUJ4_0.m
223,Q1_DX1IK3z1w10_1.m
224,Q2_D-gDPh9ZpFk_1.m
225,Q4_TOXg4-ZGb-g_1.m
226,Q4_Y1F0c3zgMJo_0.m
227,Q4_3N2G21U7guk_1.m
228,Q2_z5ewpQwGDNw_1.m
229,Q4_lQCrA2TE-fo_1.m
230,Q2_cQp1BYDGcRo_0.m
231,Q2_f2BXXa7lPuE_1.m
232,Q3_ilCcZpD39HU_1.m
233,Q3_D3onzY4MNxE_1.m
234,Q2_--2B4d4lQhs_0.m
235,Q3_JNzqL24ZcZ8_0.m
236,Q1_HY9vPoHbgaI_0.m
237,Q2_qlbazHayULg_2.m
238,Q1_Jn9r0avp0fY_3.m
239,Q1_ANZf1QXsNrY_0.m
240,Q3_tfuul78deOs_1.m
241,Q1_fey-8bOR95E_1.m
242,Q1_9v2WSpn4FCw_6.m
243,Q3_tw_lArYiHTo_0.m
244,Q1_fey-8bOR95E_0.m
245,Q3_tfuul78deOs_0.m
246,Q2_8c7kcmsnf-s_2.m
247,Q1_ANZf1QXsNrY_1.m
248,Q1_Jn9r0avp0fY_2.m
249,Q1_HY9vPoHbgaI_1.m
250,Q3_JNzqL24ZcZ8_1.m
251,Q2_--2B4d4lQhs_1.m
252,Q3_D3onzY4MNxE_0.m
253,Q3_ilCcZpD39HU_0.m
254,Q2_f2BXXa7lPuE_0.m
255,Q2_cQp1BYDGcRo_1.m
256,Q4_3N2G21U7guk_0.m
257,Q4_lQCrA2TE-fo_0.m
258,Q2_z5ewpQwGDNw_0.m
259,Q4_TOXg4-ZGb-g_0.m
260,Q4_Y1F0c3zgMJo_1.m
261,Q1_UOSlDydo94E_2.m
262,Q2_D-gDPh9ZpFk_0.m
263,Q1_3N2G21U7guk_3.m
264,Q2_eGQUZ9FlUJ4_1.m
265,Q1_bQS8eAXAhyE_2.m
266,Q1_uqRLEByE6pU_0.m
267,Q1_2Z9SjI131jA_15.
268,Q2_ijfxkQPAQdE_2.m
269,Q1_TNoaOTrTkTQ_1.m
270,Q1_uqRLEByE6pU_2.m
271,Q1_IH2KrGjKXw0_3.m
272,Q1_bQS8eAXAhyE_0.m
273,Q2_D-gDPh9ZpFk_2.m
274,Q3_wqc8iqbDsGM_4.m
275,Q4_TOXg4-ZGb-g_2.m
276,Q3_tLmXAWfbGqs_0.m
277,Q1_UOSlDydo94E_0.m
278,Q4_sA9ac1rod84_0.m
279,Q4_XWk5XUEBXmg_0.m
280,Q4_PK8YIUaV3Xw_1.m
281,Q2_z5ewpQwGDNw_2.m
282,Q4_7gifuoofgpk_0.m
283,Q4_3N2G21U7guk_2.m
284,Q2_f2BXXa7lPuE_2.m
285,Q3_ilCcZpD39HU_2.m
286,Q4_FSzOgraSKhs_1.m
287,Q4_prUUays30Mg_0.m
288,Q2_2uLw9Zs60A4_0.m
289,Q2_ezoAduuCkUs_0.m
290,Q2_qlbazHayULg_1.m
291,Q1_HY9vPoHbgaI_3.m
292,Q3_bfopzItCYrE_0.m
293,Q4_CkjAksZstEA_1.m
294,Q1_ANZf1QXsNrY_3.m
295,Q1_Jn9r0avp0fY_0.m
296,Q2_8c7kcmsnf-s_0.m
297,Q1_SlsXsqotUis_0.m
298,Q1_fey-8bOR95E_2.m
299,Q1_9v2WSpn4FCw_5.m
300,Q1_fey-8bOR95E_3.m
301,Q2_8c7kcmsnf-s_1.m
302,Q1_Jn9r0avp0fY_1.m
303,Q1_ANZf1QXsNrY_2.m
304,Q4_CkjAksZstEA_0.m
305,Q2_0qYNvMCEwaw_0.m
306,Q2_qlbazHayULg_0.m
307,Q1_HY9vPoHbgaI_2.m
308,Q2_--2B4d4lQhs_2.m
309,Q4_prUUays30Mg_1.m
310,Q3_JNzqL24ZcZ8_2.m
311,Q4_FSzOgraSKhs_0.m
312,Q3_ilCcZpD39HU_3.m
313,Q3_ldCQ6N9G6Mk_4.m
314,Q2_f2BXXa7lPuE_3.m
315,Q4_7gifuoofgpk_1.m
316,Q4_DX1IK3z1w10_0.m
317,Q4_egYSmNuIFGk_0.m
318,Q4_PK8YIUaV3Xw_0.m
319,Q4_XWk5XUEBXmg_1.m
320,Q3_qRceKZtwRWA_1.m
321,Q4_sA9ac1rod84_1.m
322,Q1_UOSlDydo94E_1.m
323,Q3_UE0y8MHqT-g_0.m
324,Q1_bQS8eAXAhyE_1.m
325,Q1_TNoaOTrTkTQ_0.m
326,Q1_5Ju9q1N2x0E_2.m
327,Q1_2Z9SjI131jA_12.
328,Q2_qlbazHayULg_11.
329,Q4_-_FjI4bT2Wo_0.m
330,Q3_wqc8iqbDsGM_1.m
331,Q4_5Ju9q1N2x0E_1.m
332,Q2_UE0y8MHqT-g_2.m
333,Q3_1cgO42sh-ZY_0.m
334,Q4_UaYYMRkHMYc_0.m
335,Q4_FoTXpYZXxJs_1.m
336,Q4_nGkpcWNAxDU_1.m
337,Q2_mlHheZbblT0_1.m
338,Q2_8TYY0qG-KOw_1.m
339,Q2_Dg935IbDggo_3.m
340,Q2_sEQf5lcnj_o_3.m
341,Q4_5J_zI7QE9W8_1.m
342,Q1_V3Y9L4UOcpk_2.m
343,Q2_jrVXitpLGMk_2.m
344,Q4_OgkB7PfqWzA_0.m
345,Q2_qlbazHayULg_4.m
346,Q1_9v2WSpn4FCw_0.m
347,Q4_V3Y9L4UOcpk_1.m
348,Q2_yrvKReuwVlY_3.m
349,Q4_KRlAez34QfE_2.m
350,Q3_UuLTvhERcnk_0.m
351,Q1_pNwQ9Tu_bCs_1.m
352,Q2_ZTrEoB8T9YA_2.m
353,Q3_UuLTvhERcnk_1.m
354,Q1_pNwQ9Tu_bCs_0.m
355,Q2_yrvKReuwVlY_2.m
356,Q4_9eMxCs-LXCE_2.m
357,Q4_V3Y9L4UOcpk_0.m
358,Q4_AjN_5CdVUdw_0.m
359,Q1_9v2WSpn4FCw_1.m
360,Q3_qlbazHayULg_3.m
361,Q2_qlbazHayULg_5.m
362,Q4_OgkB7PfqWzA_1.m
363,Q4_ltNK_MY1HkM_2.m
364,Q2_sEQf5lcnj_o_2.m
365,Q4_5J_zI7QE9W8_0.m
366,Q4_nGkpcWNAxDU_0.m
367,Q2_Dg935IbDggo_2.m
368,Q2_mlHheZbblT0_0.m
369,Q4_FoTXpYZXxJs_0.m
370,Q4_UaYYMRkHMYc_1.m
371,Q3_wqc8iqbDsGM_0.m
372,Q4_5Ju9q1N2x0E_0.m
373,Q4_-_FjI4bT2Wo_1.m
374,Q1_sUJ4a74Skk8_0.m
375,Q2_qlbazHayULg_10.
376,Q1_3N2G21U7guk_5.m
377,Q1_2Z9SjI131jA_13.
378,Q3_ijfxkQPAQdE_0.m
379,Q4_ADJ_PDauy-g_2.m
380,Q4_ADJ_PDauy-g_0.m
381,Q1_2Z9SjI131jA_11.
382,Q4_61EA0xRX8gE_2.m
383,Q2_qlbazHayULg_12.
384,Q1_2Z9SjI131jA_8.m
385,Q2_UE0y8MHqT-g_1.m
386,Q3_wqc8iqbDsGM_2.m
387,Q4_Gcbk0GPT3-g_1.m
388,Q3_ilCcZpD39HU_4.m
389,Q3_ldCQ6N9G6Mk_3.m
390,Q2_Dg935IbDggo_0.m
391,Q1_k4dxAlI5N-k_1.m
392,Q4_nGkpcWNAxDU_2.m
393,Q4_5J_zI7QE9W8_2.m
394,Q4_3N2G21U7guk_4.m
395,Q2_sEQf5lcnj_o_0.m
396,Q4_ltNK_MY1HkM_0.m
397,Q4_kfYaGryaGzI_1.m
398,Q1_ANZf1QXsNrY_5.m
399,Q2_jrVXitpLGMk_1.m
400,Q2_qlbazHayULg_7.m
401,Q4_k-FNDbK6Qhg_1.m
402,Q4_KRlAez34QfE_1.m
403,Q4_9eMxCs-LXCE_0.m
404,Q2_yrvKReuwVlY_0.m
405,Q2_ZTrEoB8T9YA_1.m
406,Q1_pNwQ9Tu_bCs_2.m
407,Q2_ZTrEoB8T9YA_0.m
408,Q4_9eMxCs-LXCE_1.m
409,Q4_KRlAez34QfE_0.m
410,Q3_iRu9KQvbtVw_0.m
411,Q2_yrvKReuwVlY_1.m
412,Q1_9v2WSpn4FCw_2.m
413,Q2_qlbazHayULg_6.m
414,Q2_bfopzItCYrE_1.m
415,Q4_gxsdWKc1QaM_0.m
416,Q1_ANZf1QXsNrY_4.m
417,Q2_jrVXitpLGMk_0.m
418,Q4_kfYaGryaGzI_0.m
419,Q4_ltNK_MY1HkM_1.m
420,Q2_sEQf5lcnj_o_1.m
421,Q1_k4dxAlI5N-k_0.m
422,Q2_Dg935IbDggo_1.m
423,Q3_ldCQ6N9G6Mk_2.m
424,Q4_Gcbk0GPT3-g_0.m
425,Q3_wqc8iqbDsGM_3.m
426,Q1_2Z9SjI131jA_9.m
427,Q4_UaYYMRkHMYc_2.m
428,Q4_-_FjI4bT2Wo_2.m
429,Q2_JYVXM0qNQAg_1.m
430,Q1_3N2G21U7guk_6.m
431,Q1_2Z9SjI131jA_10.
432,Q4_ADJ_PDauy-g_1.m
433,Q3_ZvD8QSO7NPw_1.m
434,Q3_gvWDOIiocuE_0.m
435,Q4_pRuwHN-lI44_1.m
436,Q2_dtS02mrDMsM_4.m
437,Q1_GbUV3TXUzeQ_2.m
438,Q1_1vjy9oMFa8c_4.m
439,Q1_JT1XJnVmABo_4.m
440,Q2_aYe-2Glruu4_2.m
441,Q2_5NW0zDu6IYM_0.m
442,Q1_jziI_cuN_H8_2.m
443,Q1_2Z9SjI131jA_4.m
444,Q2_cFWdWpyvwag_0.m
445,Q2_0J7lX-Tcx-w_2.m
446,Q2_D5kyjnlDNZs_1.m
447,Q1_Wy2-my19YnY_1.m
448,Q3_MbvPxCUMSek_1.m
449,Q2_XfA2KXodrOE_0.m
450,Q3_VrWAZLRdQO8_1.m
451,Q3_BzqX-9TA-GY_0.m
452,Q4_E6MARl3zjnQ_0.m
453,Q4_Hwd6l9jK7bo_0.m
454,Q3_0lEL_XHyhuU_2.m
455,Q3_nFunbdBrukY_0.m
456,Q3_G4rL_OtfFAU_1.m
457,Q3_jTPXwbDtIpA_0.m
458,Q2_Q5b5unyP8BM_0.m
459,Q2_lalnGhxT3PQ_0.m
460,Q1_yFw_kO7DF-Y_2.m
461,Q3_FH28sPhm9Dc_0.m
462,Q3_7JIdJLkJ0S4_0.m
463,Q4_ltxNPJda7zE_3.m
464,Q4_VCSDjQxAJzc_2.m
465,Q1_UJcnNfeCN1c_2.m
466,Q4_DvIH5yUrboc_0.m
467,Q1_POaIGvLsp5M_0.m
468,Q3_x4B0raxVODA_0.m
469,Q1_POaIGvLsp5M_1.m
470,Q3_x4B0raxVODA_1.m
471,Q4_DvIH5yUrboc_1.m
472,Q1_UJcnNfeCN1c_3.m
473,Q2_1TAKQK3s6qQ_0.m
474,Q3_FH28sPhm9Dc_1.m
475,Q3_7JIdJLkJ0S4_1.m
476,Q2_3ZnxqCZ7qGg_2.m
477,Q2_lalnGhxT3PQ_1.m
478,Q2_Q5b5unyP8BM_1.m
479,Q3_G4rL_OtfFAU_0.m
480,Q3_0lEL_XHyhuU_3.m
481,Q1_NP0lwB-_-og_1.m
482,Q4_Hwd6l9jK7bo_1.m
483,Q2_XfA2KXodrOE_1.m
484,Q3_MbvPxCUMSek_0.m
485,Q3_VrWAZLRdQO8_0.m
486,Q1_Wy2-my19YnY_0.m
487,Q2_D5kyjnlDNZs_0.m
488,Q2_cFWdWpyvwag_1.m
489,Q4_GbUV3TXUzeQ_0.m
490,Q2_5NW0zDu6IYM_1.m
491,Q1_JT1XJnVmABo_5.m
492,Q1_1vjy9oMFa8c_5.m
493,Q3_ZvD8QSO7NPw_0.m
494,Q4_pRuwHN-lI44_0.m
495,Q4_2Z9SjI131jA_6.m
496,Q3_cCfEDTkuMvg_0.m
497,Q2_b8HVQtIoBYU_1.m
498,Q1_GbUV3TXUzeQ_1.m
499,Q4_pRuwHN-lI44_2.m
500,Q3_ZvD8QSO7NPw_2.m
501,Q2_jO2zX6Ul8GM_0.m
502,Q3_PXOWy7NiZhk_1.m
503,Q3_16OaOpfOPZ0_0.m
504,Q4_170KC2CbJ7Y_0.m
505,Q1_jziI_cuN_H8_1.m
506,Q2_0J7lX-Tcx-w_1.m
507,Q1_2Z9SjI131jA_7.m
508,Q2_D5kyjnlDNZs_2.m
509,Q3_MbvPxCUMSek_2.m
510,Q2_-jJVb0xvbdg_0.m
511,Q2_l-4Kce3YxxQ_4.m
512,Q3_0lEL_XHyhuU_1.m
513,Q2__S991V8N-8s_1.m
514,Q2_78C_TpQDvVE_1.m
515,Q1_yFw_kO7DF-Y_1.m
516,Q4_ltxNPJda7zE_0.m
517,Q3_7JIdJLkJ0S4_3.m
518,Q4_VCSDjQxAJzc_1.m
519,Q4_lTxVVdhFE6Q_0.m
520,Q3_x4B0raxVODA_3.m
521,Q3_qlbazHayULg_13.
522,Q4_NP0lwB-_-og_0.m
523,Q3_x4B0raxVODA_2.m
524,Q4_VCSDjQxAJzc_0.m
525,Q4_lTxVVdhFE6Q_1.m
526,Q4_DvIH5yUrboc_2.m
527,Q3_7JIdJLkJ0S4_2.m
528,Q4_ltxNPJda7zE_1.m
529,Q1_yFw_kO7DF-Y_0.m
530,Q2_78C_TpQDvVE_0.m
531,Q2_3ZnxqCZ7qGg_1.m
532,Q3_kopwU6zpS4k_0.m
533,Q3_0lEL_XHyhuU_0.m
534,Q2_-jJVb0xvbdg_1.m
535,Q4_BIRDDxz0E4c_1.m
536,Q2_0J7lX-Tcx-w_0.m
537,Q4_170KC2CbJ7Y_1.m
538,Q3_16OaOpfOPZ0_1.m
539,Q1_jziI_cuN_H8_0.m
540,Q3_PXOWy7NiZhk_0.m
541,Q2_jO2zX6Ul8GM_1.m
542,Q4_pRuwHN-lI44_3.m
543,Q3_gvWDOIiocuE_2.m
544,Q2_b8HVQtIoBYU_0.m
545,Q4_2Z9SjI131jA_5.m
546,Q2_dtS02mrDMsM_2.m
547,Q1_RaUSISlnhKw_0.m
548,Q2_7n32BtYb4d4_2.m
549,Q2_38i12IPkL5c_0.m
550,Q1_dfNdpy8TUzA_2.m
551,Q4_fOYX0uH8mSQ_0.m
552,Q1_JT1XJnVmABo_2.m
553,Q1_NGE9ynTJABg_0.m
554,Q1_94ROf10d1iA_2.m
555,Q4_Q49PWE0RJLY_0.m
556,Q1_1vjy9oMFa8c_2.m
557,Q4_7yW9c7t8Hq0_0.m
558,Q3_wS0RzrBL9UI_0.m
559,Q1_2Z9SjI131jA_2.m
560,Q3_ISCVfmBvYoM_0.m
561,Q2_TcFVq0leii4_2.m
562,Q2_16OaOpfOPZ0_3.m
563,Q1_7yW9c7t8Hq0_3.m
564,Q2_k4lT-sXg3iI_2.m
565,Q1__8v0MFBZoco_1.m
566,Q4_JT1XJnVmABo_1.m
567,Q3_wlOa1jkTn_U_1.m
568,Q4_1vjy9oMFa8c_1.m
569,Q3_77z6Ep3aOmg_0.m
570,Q4_1A9Hh2GrDTs_0.m
571,Q2_6n8HgIcJ6vo_0.m
572,Q2_l-4Kce3YxxQ_1.m
573,Q4_Dw7M69CidJ8_1.m
574,Q4_FyK_c-TIcCA_0.m
575,Q4_mGYKWCVnMwQ_1.m
576,Q2_epX33OVpkmA_0.m
577,Q3_9Xg69XrVaYU_1.m
578,Q3_9Xg69XrVaYU_0.m
579,Q2_epX33OVpkmA_1.m
580,Q4_mGYKWCVnMwQ_0.m
581,Q3_rrD7XMtPs0Q_0.m
582,Q4_FyK_c-TIcCA_1.m
583,Q4_Dw7M69CidJ8_0.m
584,Q4_ltxNPJda7zE_4.m
585,Q2_l-4Kce3YxxQ_0.m
586,Q2_jTPXwbDtIpA_1.m
587,Q4_iGHgeUCPotc_0.m
588,Q3_77z6Ep3aOmg_1.m
589,Q3_wlOa1jkTn_U_0.m
590,Q4_1vjy9oMFa8c_0.m
591,Q1__8v0MFBZoco_0.m
592,Q4_JT1XJnVmABo_0.m
593,Q1_7yW9c7t8Hq0_2.m
594,Q2_BzqX-9TA-GY_1.m
595,Q2_16OaOpfOPZ0_2.m
596,Q1_miqLU2739dk_1.m
597,Q1_2Z9SjI131jA_3.m
598,Q3_wS0RzrBL9UI_1.m
599,Q4_Q49PWE0RJLY_1.m
600,Q1_94ROf10d1iA_3.m
601,Q1_NGE9ynTJABg_1.m
602,Q1_JT1XJnVmABo_3.m
603,Q2_38i12IPkL5c_1.m
604,Q2_7n32BtYb4d4_3.m
605,Q1_RaUSISlnhKw_1.m
606,Q2_gvWDOIiocuE_1.m
607,Q2_dtS02mrDMsM_3.m
608,Q1_60LLKmpgzRM_0.m
609,Q2_dtS02mrDMsM_1.m
610,Q1_dfNdpy8TUzA_1.m
611,Q2_7n32BtYb4d4_1.m
612,Q1_94ROf10d1iA_1.m
613,Q2_TcFVq0leii4_1.m
614,Q2_0H4rq0L9OSw_1.m
615,Q4_fShAWhXIits_0.m
616,Q1_2Z9SjI131jA_1.m
617,Q2_k4lT-sXg3iI_1.m
618,Q3_wlOa1jkTn_U_2.m
619,Q4_0c2dTJTDUR4_1.m
620,Q4_JT1XJnVmABo_2.m
621,Q4_9v2WSpn4FCw_9.m
622,Q1_3ahg_eQZhxs_1.m
623,Q3_3ZnxqCZ7qGg_0.m
624,Q3_2v6gJi03LlA_1.m
625,Q2_l-4Kce3YxxQ_2.m
626,Q1_BGf5nCdzPOc_1.m
627,Q4_Dw7M69CidJ8_2.m
628,Q4_JxSU49jFKwM_1.m
629,Q1_9v2WSpn4FCw_10.
630,Q3_9Xg69XrVaYU_2.m
631,Q2_epX33OVpkmA_2.m
632,Q4_JxSU49jFKwM_0.m
633,Q4_Dw7M69CidJ8_3.m
634,Q1_BGf5nCdzPOc_0.m
635,Q4_FyK_c-TIcCA_2.m
636,Q2_l-4Kce3YxxQ_3.m
637,Q3_2v6gJi03LlA_0.m
638,Q3__S991V8N-8s_0.m
639,Q3_qlbazHayULg_9.m
640,Q2_jTPXwbDtIpA_2.m
641,Q4_q4T8Znozvkk_0.m
642,Q1_3ahg_eQZhxs_0.m
643,Q2_PZN7XLKzLDI_0.m
644,Q4_1vjy9oMFa8c_3.m
645,Q2_BzqX-9TA-GY_2.m
646,Q2_k4lT-sXg3iI_0.m
647,Q1_7yW9c7t8Hq0_1.m
648,Q1_2Z9SjI131jA_0.m
649,Q4_fShAWhXIits_1.m
650,Q2_0H4rq0L9OSw_0.m
651,Q3_RL_cmmNVLfs_0.m
652,Q3_wS0RzrBL9UI_2.m
653,Q1_NGE9ynTJABg_2.m
654,Q1_94ROf10d1iA_0.m
655,Q2_7n32BtYb4d4_0.m
656,Q1_RaUSISlnhKw_2.m
657,Q1_dfNdpy8TUzA_0.m
658,Q2_38i12IPkL5c_2.m
659,Q2_dtS02mrDMsM_0.m
660,Q4_PZN7XLKzLDI_1.m
661,Q4_Xf2fox7zhCQ_2.m
662,Q2_WQrPcuy50aA_0.m
663,Q1_6kRPHamGDSo_0.m
664,Q3_1kny88W533Q_1.m
665,Q3_BIRDDxz0E4c_0.m
666,Q4_vBHoSz8cJIE_4.m
667,Q4_rW1I58_lMEg_0.m
668,Q4_j8Ir-ssM-AA_0.m
669,Q4_2w5XkAt_3WU_0.m
670,Q2_miqLU2739dk_0.m
671,Q3_REq37pDAm3A_1.m
672,Q4_NzJjMGJg1wE_0.m
673,Q1_aYe-2Glruu4_4.m
674,Q4_pzeHffxmdcE_0.m
675,Q1_KxlqB3j0zys_1.m
676,Q4_YAAxPW1GB7w_1.m
677,Q2_3_MxhSS86oU_1.m
678,Q2_pouxqiySdI8_1.m
679,Q4_jSWItJI-Gmk_0.m
680,Q3_vVTP0DOL_2Q_1.m
681,Q4_1Qc15G0ZHIg_0.m
682,Q3_TYkTOwBfFB8_0.m
683,Q4_jNzZCplNNyY_0.m
684,Q1_6Uf9XBUD3wE_1.m
685,Q3_4Er-eFHSHA4_0.m
686,Q4_KxlqB3j0zys_2.m
687,Q3_Oku8sIpTMAE_3.m
688,Q1_1Qc15G0ZHIg_3.m
689,Q2_9v2WSpn4FCw_8.m
690,Q3_yZGBxiNPu3k_2.m
691,Q1_1Qc15G0ZHIg_2.m
692,Q3_Oku8sIpTMAE_2.m
693,Q4_KxlqB3j0zys_3.m
694,Q3_4Er-eFHSHA4_1.m
695,Q1_6Uf9XBUD3wE_0.m
696,Q4_jNzZCplNNyY_1.m
697,Q3_TYkTOwBfFB8_1.m
698,Q2_S1T3UF1vhSk_1.m
699,Q4_jSWItJI-Gmk_1.m
700,Q2_pouxqiySdI8_0.m
701,Q3_vVTP0DOL_2Q_0.m
702,Q2_3_MxhSS86oU_0.m
703,Q4_YAAxPW1GB7w_0.m
704,Q1_KxlqB3j0zys_0.m
705,Q3_REq37pDAm3A_0.m
706,Q4_oTi57hZfArE_2.m
707,Q4_j8Ir-ssM-AA_1.m
708,Q4_rW1I58_lMEg_1.m
709,Q4_6kRPHamGDSo_2.m
710,Q4_TcFVq0leii4_0.m
711,Q3__vZOEQCYSaY_2.m
712,Q1_6kRPHamGDSo_1.m
713,Q2_WQrPcuy50aA_1.m
714,Q4_Xf2fox7zhCQ_1.m
715,Q3_2eIsQtm4YNs_0.m
716,Q3__vZOEQCYSaY_0.m
717,Q1_cB-Xh8H_7-Q_0.m
718,Q3_-vAz_HTFEXs_1.m
719,Q1_6kRPHamGDSo_3.m
720,Q2_1kny88W533Q_4.m
721,Q1_gSwv8hZGM-s_1.m
722,Q4_rW1I58_lMEg_3.m
723,Q4_oTi57hZfArE_0.m
724,Q4_a5QCcwEjxAk_0.m
725,Q4_rDhbGjFlKF8_0.m
726,Q3_uj3Gif77SYM_8.m
727,Q1_Xsn9zT-05ns_0.m
728,Q3_vVTP0DOL_2Q_2.m
729,Q3_iwxwLEvqeD8_0.m
730,Q4_BaHHHgDd0BU_0.m
731,Q1_sZe3IB1OVfw_0.m
732,Q4_wzSr6qR3Ra0_0.m
733,Q3_4Er-eFHSHA4_3.m
734,Q1_s6-SbDSZzEU_1.m
735,Q4_3As1t6JySDE_0.m
736,Q4_pkz8OkWhwnk_0.m
737,Q3_Oku8sIpTMAE_0.m
738,Q1_osxmQReE_2o_0.m
739,Q3_Oku8sIpTMAE_1.m
740,Q3_wfXSdMsd4q8_4.m
741,Q3_yZGBxiNPu3k_1.m
742,Q1_1Qc15G0ZHIg_1.m
743,Q3_H6_7DjsbROQ_4.m
744,Q3_UJcnNfeCN1c_0.m
745,Q1_s6-SbDSZzEU_0.m
746,Q4_pkz8OkWhwnk_1.m
747,Q3_4Er-eFHSHA4_2.m
748,Q1_sZe3IB1OVfw_1.m
749,Q3_ltxNPJda7zE_2.m
750,Q4_BaHHHgDd0BU_1.m
751,Q3_vVTP0DOL_2Q_3.m
752,Q2_S1T3UF1vhSk_2.m
753,Q1_Xsn9zT-05ns_1.m
754,Q4_rDhbGjFlKF8_1.m
755,Q4_a5QCcwEjxAk_1.m
756,Q4_oTi57hZfArE_1.m
757,Q3_REq37pDAm3A_3.m
758,Q4_rW1I58_lMEg_2.m
759,Q3_nBao46YGZDg_0.m
760,Q4_IgpNyJVWcBo_0.m
761,Q1_gSwv8hZGM-s_0.m
762,Q3_-vAz_HTFEXs_0.m
763,Q3_2eIsQtm4YNs_1.m
764,Q4_Xf2fox7zhCQ_0.m
765,Q2_yhIncZ_Ue4E_1.m
766,Q4_yC0fAQxGgr0_1.m
767,Q3_Adil-zpJdEs_0.m
768,Q1_4ydjOX3pWds_1.m
769,Q4_UbKAl4roB8k_0.m
770,Q1_9Yb9OEVwups_0.m
771,Q3_nBIls0laAAU_1.m
772,Q4_Ury1cdB79s0_1.m
773,Q2_JMt4m608s3k_1.m
774,Q1_im4Qxn3GQvo_2.m
775,Q2_1EDThWjNxOI_1.m
776,Q3_xYZ8n8ULaNo_0.m
777,Q4_vBHoSz8cJIE_2.m
778,Q2_x5ibvz38jOs_0.m
779,Q2_08t73Qgjkt4_2.m
780,Q3_g-yM0Lsp4lc_0.m
781,Q3_S1T3UF1vhSk_0.m
782,Q4_KxlqB3j0zys_4.m
783,Q1_8rupdevqfuI_2.m
784,Q4_Cir1kZyB7QM_1.m
785,Q1_o5AIp2Yc01M_1.m
786,Q3_H6_7DjsbROQ_0.m
787,Q4_V_jbWvQNh5c_0.m
788,Q3_wfXSdMsd4q8_0.m
789,Q3_Oku8sIpTMAE_4.m
790,Q3_wfXSdMsd4q8_1.m
791,Q2_S7Bo4-NCEDk_2.m
792,Q4_V_jbWvQNh5c_1.m
793,Q3_H6_7DjsbROQ_1.m
794,Q1_o5AIp2Yc01M_0.m
795,Q4_Cir1kZyB7QM_0.m
796,Q3_g-yM0Lsp4lc_1.m
797,Q1_WpZ1rWHOCAQ_2.m
798,Q3_veG92Oi-DlU_2.m
799,Q2_x5ibvz38jOs_1.m
800,Q1__kJtgm1OUNA_2.m
801,Q1_aYe-2Glruu4_3.m
802,Q4_vBHoSz8cJIE_3.m
803,Q3_xYZ8n8ULaNo_1.m
804,Q2_1EDThWjNxOI_0.m
805,Q2_JMt4m608s3k_0.m
806,Q4_Ury1cdB79s0_0.m
807,Q3_nBIls0laAAU_0.m
808,Q2_1kny88W533Q_0.m
809,Q4_UbKAl4roB8k_1.m
810,Q1_4ydjOX3pWds_0.m
811,Q3_0c2dTJTDUR4_0.m
812,Q4_yC0fAQxGgr0_0.m
813,Q2_yhIncZ_Ue4E_0.m
814,Q2_yhIncZ_Ue4E_2.m
815,Q3_JT1XJnVmABo_1.m
816,Q1_UYh88SRZC24_1.m
817,Q1_8izVTDgBQPc_1.m
818,Q2_1kny88W533Q_2.m
819,Q3_nBIls0laAAU_2.m
820,Q2_kKFwiXKlhC8_0.m
821,Q1_im4Qxn3GQvo_1.m
822,Q2_JMt4m608s3k_2.m
823,Q4_vBHoSz8cJIE_1.m
824,Q2_QmK_SND2jAw_1.m
825,Q1__kJtgm1OUNA_0.m
826,Q1_Fc1qk52SaKY_1.m
827,Q1_aYe-2Glruu4_1.m
828,Q4_HQ8ISDX6PiI_1.m
829,Q2_REq37pDAm3A_2.m
830,Q3_REq37pDAm3A_4.m
831,Q2_08t73Qgjkt4_1.m
832,Q3_D8Ed5PZXfF4_0.m
833,Q3_veG92Oi-DlU_0.m
834,Q4_f2b4kpdw7_c_0.m
835,Q1_WpZ1rWHOCAQ_0.m
836,Q1_qlbazHayULg_8.m
837,Q2_UJcnNfeCN1c_1.m
838,Q1_8rupdevqfuI_1.m
839,Q4_Xlv4PPGrRRs_1.m
840,Q2_wfXSdMsd4q8_5.m
841,Q2_S7Bo4-NCEDk_0.m
842,Q3_wfXSdMsd4q8_3.m
843,Q4_lvfNo4KOTmM_1.m
844,Q3_H6_7DjsbROQ_3.m
845,Q2_yZGBxiNPu3k_0.m
846,Q4_lvfNo4KOTmM_0.m
847,Q3_H6_7DjsbROQ_2.m
848,Q2_S7Bo4-NCEDk_1.m
849,Q3_wfXSdMsd4q8_2.m
850,Q2_lFznCt5kvXM_0.m
851,Q4_Xlv4PPGrRRs_0.m
852,Q1_8rupdevqfuI_0.m
853,Q2_iwxwLEvqeD8_1.m
854,Q1_WpZ1rWHOCAQ_1.m
855,Q4_f2b4kpdw7_c_1.m
856,Q2_08t73Qgjkt4_0.m
857,Q3_veG92Oi-DlU_1.m
858,Q3_pbVGv_g4n50_0.m
859,Q4_HQ8ISDX6PiI_0.m
860,Q1_5NW0zDu6IYM_2.m
861,Q1_aYe-2Glruu4_0.m
862,Q1_Fc1qk52SaKY_0.m
863,Q1__kJtgm1OUNA_1.m
864,Q2_QmK_SND2jAw_0.m
865,Q4_jO2zX6Ul8GM_2.m
866,Q4_vBHoSz8cJIE_0.m
867,Q1_im4Qxn3GQvo_0.m
868,Q2_kKFwiXKlhC8_1.m
869,Q2_1kny88W533Q_3.m
870,Q4_UbKAl4roB8k_2.m
871,Q1_8izVTDgBQPc_0.m
872,Q2_JT1XJnVmABo_6.m
873,Q1_UYh88SRZC24_0.m
874,Q2__vZOEQCYSaY_1.m
875,Q4_r_sD61KeUQU_0.m
